{
	"class_name" : "PinholeCameraParameters",
	"extrinsic" : 
	[
		-0.39274954494048497,
		-0.57467643091294951,
		0.71797966176083006,
		0.0,
		-0.91798305052410467,
		0.19805988274462694,
		-0.3436268350953457,
		0.0,
		0.055271275537129017,
		-0.79405244323050772,
		-0.60533115193269227,
		0.0,
		29.029317613181984,
		-13.429256438503032,
		262.35217089676297,
		1.0
	],
	"intrinsic" : 
	{
		"height" : 1080,
		"intrinsic_matrix" : 
		[
			935.30743608719376,
			0.0,
			0.0,
			0.0,
			935.30743608719376,
			0.0,
			959.5,
			539.5,
			1.0
		],
		"width" : 1920
	},
	"version_major" : 1,
	"version_minor" : 0
}